FECHA,PYME,RUBRO,Principal producto,Provincia  ,Localidad,CANTIDAD DE EMPLEADOS DE LA EMPRESA,"Su empresa:   Produce,   Importa,   Produce e importa o era productora y migró a importadora","1. Variación de la Producción    (diciembre 2018 
vs. 
diciembre 2017:)",2- La rentabilidad de su industria en diciembre 2018 fue:,3- ¿Cómo evalúa la situación económica actual de su empresa? ,"4- En relación a los niveles actuales, ¿cómo cree que evolucionará la producción de su empresa en los próximos meses?",5- Tiene planeado realizar inversiones en 2019?,6- ¿Cómo evalúa el momento actual para invertir en su empresa?,7- ¿Con qué porcentaje de su capacidad instalada está produciendo su empresa en la actualidad? ,"8- Comparando los precios actuales de la economía con los que habrá dentro de un año, es decir, en diciembre de 2019, ¿en qué porcentaje espera que los precios suban en los próximos doce meses?",9- ¿Cuanto cree que valdrá el dolar el 31/12/2019?,10- ¿Qué tipo de reformas considera que se deberian implementar para mejorar la situacion de su sector?,Unnamed: 18,Unnamed: 19,Unnamed: 20,Unnamed: 21,Unnamed: 22,"11 - ¿Cuál es a su criterio, la medida a tomar que más contribuiría a la reactivación de su sector?",Observaciones
2019-01-16 11:22:32,BULONERÍA REGINATO S.R.L,"Productos de metal, maquinaria y equipo",Bulones,Tucuman,"av. cnel. suárez 349, san miguel de tucumán ",54.0,Produce,-30.0,Nula,Regular,Aumentará,Si,Regular,50,50.0,60.0,Reforma tributaria,,,,,,"Baja de tasas y aumento de obras publicas.
",
2019-01-03 16:25:41,AGROINDUSTRIA PAMPA GRINGA,Otro,Expeller y Aceite de Soja,Buenos Aires,lincoln,5.0,Produce,58.0,Negativa,Crítica,Bajará,No,Muy Malo,30,35.0,50.0,Reforma tributaria,,,,,,"Baja Impositiva, Laboral. No aumento de energia y gas","Hay que fomentar el consumo, a traves de la disminucion de los costos laborales del empleado, incluido lo de los sindicatos. Plan Ahora 12, con tasas mas razonables. Creditos subsidiados a tasa fija en pesos, para tener capital de trabajo y volver a traccionar la economia"
2019-01-03 19:02:40,CERROS DOMICOS SA,Minerales no metálicos,PIEDRA GRANÍTICA TRITURADA,Buenos Aires,villanueva 1361 1°b,10.0,Produce,30.0,Nula,Regular,Se mantendrá,Si,Regular,60,30.0,55.0,Reforma tributaria,Reforma laboral,Reforma de acceso al financiamiento,Reforma de barreras tecnológicas,Reformas logísticas,,"OBRA PÚBLICA- ELIMINAR LOS SUBSIDIOS AL ""NO TRABAJO"" Y GENERAR NUEVAS FUENTES DE TRABAJO. COBRAR SALARIO DIGNIFICA, COBRAR SUBSIDIO DENIGRA.",-
2019-01-04 14:11:36,RUIBAL HNOS SRL,Otro,juegos y juguetes,CABA,rivera indarte 2986 ,65.0,Produce,-5.0,Nula,Mala,Se mantendrá,No,Regular,50,30.0,46.0,Reforma laboral,Reformas logísticas, ,,,,reactivar el consumo interno ,Las tasas para financiacion son inviables para las pymes 
2019-01-07 10:32:52,NUTRISANTIAGO SA,Alimentos,GALLETAS,Santiago del Estero,LA BANDA,20.0,Produce,0.0,Positiva,Buena,Se mantendrá,Lo estoy evaluando,Regular,40,40.0,52.0,Reforma tributaria,,,,,,,
2019-01-07 23:32:07,BLACKS INDUMENTARIA,Textil,Ropa de trabajo,CABA,CABA,8.0,Produce,40.0,Nula,Buena,Aumentará,No,Malo,60,40.0,60.0,Reforma tributaria,Otras,,,,SIMPLIFICAR TRÁMITES,La baja de la inflación para poder reactivar el mercado,
2019-01-07 23:33:42,INDUSTRIAS KMG SA,"Productos de metal, maquinaria y equipo",Fabricación de bicicletas y rodados infantiles.,Buenos Aires,Garin,70.0,Produce e Importa,60.0,Negativa,Crítica,Bajará,Si,Muy Malo,30,40.0,56.0,Reformas logísticas,,,,,,Tributaria y Laboral,
2019-01-07 23:35:19,MECANIZADO,"Productos de metal, maquinaria y equipo",Caja de velocidades y soportes para camiones,Buenos Aires,Ituzaingo,25.0,Produce,10.0,Positiva,Regular,Se mantendrá,Lo estoy evaluando,Muy Malo,30,40.0,55.0,Reforma laboral,Reforma de acceso al financiamiento,,,,,tributaria,
2019-01-08 09:44:48,FABRICA DE PASTAS DON RUBÉN -SOC.DE HECHO,Alimentos,FABRICA DE PASTAS,La Rioja,LA RIOJA ,14.0,Produce,-20.0,Negativa,Mala,Bajará,No,Malo,60,60.0,60.0,Reforma tributaria,Reforma laboral,Reforma de acceso al financiamiento,Reforma de barreras tecnológicas,Reformas logísticas,,"REACTIVACION OBRA PUBLICA , MEJORAR SALARIOS , ATENCION SECTORES MARGINALES",
2019-01-08 10:04:39,CHIFLON  S . A.,Alimentos,AGUAS EMBOTELLADAS,La Rioja,LA RIOJA,7.0,Produce,-25.0,Negativa,Regular,Aumentará,No,Regular,50,30.0,45.0,Reforma tributaria,Reforma laboral,Reforma de acceso al financiamiento,Reforma de barreras tecnológicas,Reformas logísticas,,REACTIVACION DEL CONSUMO Y MEJORAR LOS SALRIOS DE LA GENTE,EN MI RUBRO EL FACTOR CLIMATICO TIENE MUCHO QUE VER
2019-01-08 10:12:26,FOTOCOPIADORA E IMPRENTA FACUNDO,"Papel, carton, edición e impresión","IMPRESIONES Y FOTOCOPIADORA , VENTA DE ELEMENTOS DE LIBRERIA",La Rioja,LA RIOJA,8.0,Produce,15.0,Positiva,Regular,Se mantendrá,Lo estoy evaluando,Regular,70,30.0,50.0,Reforma tributaria,Reforma laboral,,,,,MEJORAR LOS SALARIOS PARA QUE EXISTA MAS DINERO CIRCULANTE,
2019-01-08 15:51:33,GOLDMUND S.A.,"Productos de metal, maquinaria y equipo",Pequeños electrodomésticos,Buenos Aires,manuel a. ocampo 1170,104.0,Produce e Importa,4.0,Nula,Regular,Se mantendrá,NS/NC,Bueno,30,19.0,50.0,Reforma tributaria,Reforma laboral,Reforma de acceso al financiamiento,,,,,
2019-01-08 21:07:41,Testatec,"Productos de metal, maquinaria y equipo",Obras civiles,Buenos Aires,San Nicolas de los Arroyos,120.0,Produce,0.0,Positiva,Buena,Se mantendrá,No,Regular,100,20.0,42.0,Otras,,,,,GUBERNAMENTAL,"Reforma tributaria, reforma laboral, reforma en el acceso al financiamiento",Las tres primeras reformas se deberían implementar para mejorar a corto plazo mientras que las ultimas dos para largo plazo
2019-01-08 21:15:31,Manture srl,"Productos de metal, maquinaria y equipo",Industria metalmecanica,Buenos Aires,Ramallo,14.0,Produce,40.0,Positiva,Regular,Se mantendrá,No,Malo,100,40.0,,Reforma tributaria,Reforma laboral,,,,,"Eliminación ingresos brutos, baja costos laborales y reducción tasa de interés.",
2019-01-09 00:00:00,CABRALES,Alimentos,"10791 - Tostado, torrado y molienda de café; elaboración y molienda de hierbas aromáticas y",Buenos Aires,Mar del Plata,350.0,Produce e Importa,-5.0,Positiva,Regular,Aumentará,No,Malo,60,40.0,50.0,Reforma tributaria,Reforma laboral,Reforma de acceso al financiamiento,,,,RESTABLECER EL CONSUMO,NECESITAMOS QUE EL PODER ADQUISITIVO DE LA GENTE SEA MEJOR PARA REACTIVAR EL CONSUMO
2019-01-09 00:00:00,CONGELADOS ÁRTICO S.A,Alimentos,10799 - ELABORACIÓN DE PRODUCTOS ALIMENTICIOS N.C.P.,Buenos Aires,Mar del Plata,164.0,Produce e Importa,-15.0,NS/NC,Buena,Se mantendrá,Si,Regular,70,26.0,50.0,Reforma tributaria,Reforma laboral,Reforma de acceso al financiamiento,Reforma de barreras tecnológicas,Reformas logísticas,,SUBIR EL PODER ADQUISITIVO PARA REACTIVAR EL CONSUMO DE LA GENTE,
2019-01-09 00:00:00,INCARVITT,Material de transporte,"29200 - FABRICACIÓN DE CARROCERÍAS PARA VEHÍCULOS AUTOMOTORES, FABRICACIÓN DE REMOLQUES Y SEMIRREMOLQUES_x000D_
_x000D_
Fabricación de carrocería",Santa Fe,San Martín,30.0,Produce,-70.0,Negativa,Mala,Se mantendrá,Si,Malo,40,30.0,44.0,Reforma tributaria,Reforma laboral,Reforma de acceso al financiamiento,Reforma de barreras tecnológicas,Reformas logísticas,,AUMENTAR LOS SUELDOS PARA REACTIVAR EL CONSUMO,
2019-01-09 00:00:00,DIMATRA,Material de transporte,"29200 - FABRICACIÓN DE CARROCERÍAS PARA VEHÍCULOS AUTOMOTORES, FABRICACIÓN DE REMOLQUES Y SEMIRREMOLQUES_x000D_
(Fabricante de equipos de transporte de autos, traillers para traslado de vehiculos.)",Santa Fe,"Cañada de Gómez_x000D_
",17.0,Produce,-50.0,NS/NC,Regular,Aumentará,No,Malo,30,,50.0,Reforma tributaria,Reforma laboral,Reforma de acceso al financiamiento,,,,BAJAR LAS TASA DE INTERES,
2019-01-09 00:35:32,TEOGRANDE SA,Textil,Fibras sintéticas e hilados,Tierra del Fuego,"resistencia 351, río grande",38.0,Produce e Importa,-20.0,Nula,Regular,Se mantendrá,No,Malo,65,35.0,45.0,Reforma tributaria,Reforma de acceso al financiamiento,,,,,Protección arancelaria a las importaciones,
2019-01-09 00:40:19,HELAFRÍO SRL,Alimentos,Cremas heladas,Tierra del Fuego,"esquiú 58, río grande",11.0,Produce,50.0,Positiva,Muy Buena,Bajará,Si,Bueno,100,50.0,60.0,Reforma tributaria,Reforma laboral,Reforma de acceso al financiamiento,Reformas logísticas,,,"Alguna que permita traer productos de Buenos Aires a bajo costo, es decir, abaratar los costos de logística.","La producción es buena porque estamos en temporada, no porque la coyuntura lo sea"
2019-01-09 00:43:39,INGENIO VERDE,Otro,Cartón y plástico (a partir de scrap de fábrica),Tierra del Fuego,"ingeniero varela 692, río grande",18.0,Produce,-25.0,Nula,Regular,Aumentará,No,Regular,20,40.0,47.0,Reforma de acceso al financiamiento,,,,,,Reactivación de industria a nivel nacional,"Si la industria en general no trabaja, nosotros tampoco"
2019-01-09 00:48:16,GRA-CA SA,Otro,Cartón y plástico (a partir de scrap de fábrica),Tierra del Fuego,"thomas bridge 3352, río grande",52.0,Produce,-30.0,Nula,Crítica,Bajará,No,Muy Malo,30,30.0,50.0,Reforma tributaria,,,,,,Reactivación de industria en general,Dependemos de las empresas industriales
2019-01-09 00:50:44,MADONNA,Alimentos,Pastas,Tierra del Fuego,"mackinlay 821, río grande",5.0,Produce,5.0,Positiva,Regular,Se mantendrá,No,Muy Malo,60,30.0,51.0,Reforma tributaria,Reforma de acceso al financiamiento,,,,,"Mejoras en los salarios a través de nuevas paritarias, baja de tasas",
2019-01-09 01:02:59,LAVALLE COMERCIAL SRL,Textil,Camperas,CABA,CABA,10.0,Produce,30.0,Positiva,Regular,Bajará,No,Malo,60,35.0,55.0,Reforma tributaria,Reforma laboral,,,,,Lograr que la inflación no supere el 20%,
2019-01-09 10:05:31,LUIS CALLETTI,Textil,"46.412 Venta al por mayor de prendas y accesorios de vestir, excepto uniformes y ropa de trabajoPantalones y camisas ",Mendoza,MENDOZA CAPITAL,8.0,Produce,35.0,Positiva,Regular,Se mantendrá,Lo estoy evaluando,Regular,50,30.0,49.0,Reforma tributaria,,,,,,BAJA IMPOSITIVA Y SOBRE TODO EL 931 ES IMPAGABLE,
2019-01-09 13:01:14,FRAN TEXTIL SRL,Textil,Fabricación de ropa femenina,CABA,CABA,9.0,Produce,-50.0,Negativa,Regular,Se mantendrá,No,Regular,50,50.0,60.0,Reforma laboral,,,,,,Ayudarnos a exportar,
2019-01-09 13:02:38,D.I.M. S.A,"Productos de metal, maquinaria y equipo",Fabricación de autopartes,Buenos Aires,Banfield,9.0,Produce e Importa,-18.8,Negativa,Regular,Se mantendrá,Lo estoy evaluando,Regular,40,,50.0,Reforma de acceso al financiamiento,,,,,,"Baja en la presión tributaria a las empresas, así como también una reducción en los costos de importación.",
2019-01-09 13:10:07,Embotelladora La Nicoleña,Alimentos,Agua de mesa,Buenos Aires,San Nicolás de los arroyos,25.0,Produce,-10.0,Positiva,Buena,Aumentará,Si,Regular,50,30.0,45.0,Reforma tributaria,Reforma laboral,Reforma de acceso al financiamiento,,,,Impositiva y de financiamiento,
2019-01-09 13:20:53,"Avicola ""La nicoleña""",Alimentos,Pollos,Buenos Aires,San Nicolás de los arroyos,8.0,Produce e Importa,-50.0,Nula,Regular,Se mantendrá,Lo estoy evaluando,Muy Malo,50,,50.0,Reforma de barreras tecnológicas,,,,,,Crear más trabajo y no dar tantos planes que lo terminamos pagando los pocos que pagamos impuestos,
2019-01-09 13:26:20,Tipco Srl,"Productos de metal, maquinaria y equipo",Laminador,Buenos Aires,San Nicolás de los arroyos,5.0,Produce,100.0,Positiva,Muy Buena,Se mantendrá,Si,Muy Bueno,100,35.0,48.0,Reforma tributaria,Reforma laboral,Reforma de acceso al financiamiento,,,,Financiamiento,
2019-01-09 17:46:23,CASAN SRL,Alimentos, 107129 ELABORACIÓN PRODUCTOS DE PANADERÍA ,Santiago del Estero,SANTIAGO DEL ESTERO,71.0,Produce,0.0,Positiva,Regular,Se mantendrá,Si,Regular,85,30.0,50.0,Reforma tributaria,Reformas logísticas,,,,,TERMINAR CON LA INFLACIÓN!!,
2019-01-09 17:49:28,CONSTRUCTORA FERRO N&D SRL,"Productos de metal, maquinaria y equipo","251101 - FABRICACIÓN DE CARPINTERÍA METÁLICA » FABRICACIÓN DE PRODUCTOS METÁLICOS PARA USO ESTRUCTURAL, TANQUES, DEPÓSITOS Y GENERADORES DE VAPOR » INDUSTRIA MANUFACTURERA",Santiago del Estero,SANTIAGO DEL ESTERO,11.0,Produce,91.0,Positiva,Buena,Se mantendrá,No,Regular,40,40.0,80.0,Reforma de acceso al financiamiento,,,,,,,
2019-01-09 18:37:49,ENVASES DE PLÁSTICOS LA RIOJA S.A.,Productos de caucho y plásticos,ENVASES,La Rioja,LA RIOJA,6.0,Produce,-12.0,Negativa,Regular,Bajará,No,Regular,50,30.0,50.0,Reforma tributaria,Reforma laboral,Reforma de acceso al financiamiento,,,,"BAJA EN LA TASA DE INTERESES , REACTIVACION MERCADO DEL INTERIOR , RECUPERACION SALARIO Y BAJAR LA INFLACION",
2019-01-09 18:42:13,SUGAR UNIPERSONAL,Minerales no metálicos,CARPINTERIA DE ALUMINIO Y DE VIDRIOS,La Rioja,LA RIOJA ,5.0,Produce,-45.0,Nula,Mala,Se mantendrá,No,Muy Malo,35,45.0,56.0,Reforma tributaria,,,,,,APALANCAMIENTO ECONOMICO EN CONSTRUCCION,
2019-01-09 18:47:22,CONFECCIONES RIOJANAS S. A.,Textil,ROPA DE TRABAJO,La Rioja,La Rioja Capital,80.0,Produce,-40.0,Negativa,Crítica,NS/NC,No,NS/NC,60,35.0,50.0,Reforma tributaria,Reformas logísticas,,,,,"YA NO ALCANZARIA LA MEDIDA A TOMAR LA SITUACION ACTUAL DE LA EMPRESA ES CRITICA , PARECE QUE PPONTO CERRARA",
2019-01-10 00:00:00,BENITEZ FIDEL A.,Textil,"14119 - CONFECCIÓN DE PRENDAS DE VESTIR N.C.P., EXCEPTO PRENDAS DE PIEL, CUERO Y DE PUNTO_x000D_
_x000D_
Fabricación de pantalones de vestir",Buenos Aires,Berazategui,5.0,Produce,-50.0,Negativa,Mala,Bajará,Lo estoy evaluando,Malo,30,,50.0,Reforma de acceso al financiamiento,,,,,,que la economia se estabilize.,
2019-01-10 00:00:00,BONZI AGROINDUSTRIAL,Textil,Rafias de Polipropileno,Chaco,BARRANQUERAS,7.0,Produce,-40.0,Nula,Buena,Se mantendrá,No,Malo,30,,,Reforma tributaria,Reforma laboral,Reforma de acceso al financiamiento,,,,baja de tasas de interes y acceso al credito,
2019-01-10 00:00:00,DOMINGO DE LUCA S.A,Material de transporte,"292000 - FABRICACIÓN DE CARROCERÍAS PARA VEHÍCULOS AUTOMOTORES, FABRICACIÓN DE REMOLQUES Y SEMIRREMOLQUES_x000D_
_x000D_
Fabricación y reparación de Sistemas y Equipos para Higiene urbana e industrial.",Buenos Aires,Villa Adelina,8.0,Produce,0.0,Negativa,Crítica,NS/NC,Lo estoy evaluando,NS/NC,70,,,Reforma tributaria,Reforma laboral,Reforma de acceso al financiamiento,,,,"LA REFORMA LABORAL, MANTENER EL DOLAR CON UNA INFACION REGULADA",
2019-01-10 00:00:00,MUNDI S.A.- PINTURAS ANDINA,Químicos,"20.220 Fabricación de pinturas; barnices y productos de revestimiento similares; tintas de imprenta_x000D_
y masillas_x000D_
_x000D_
Fabricación de pinturas, convertidores ""3 en 1"",y barnices (al agua y sintético). Línea completa hogar y obra: Enduído int. Y ext., sellador-fijador al aguan. Látex 5 calidades y más de 20 colores, membrana líquida, masilla, esmalte al agua, demarcación vial.",Buenos Aires,San Martín,30.0,Produce,-12.0,Nula,Mala,Se mantendrá,No,Muy Malo,50,35.0,60.0,Reforma tributaria,,,,,,cambio de gobierno,
2019-01-10 00:00:00,DRUETTA HNOS SRL,Alimentos,11041 - Elaboración de soda y aguas,Santa Fe,Venado Tuerto,14.0,Produce,-18.0,Negativa,Mala,Se mantendrá,No,Muy Malo,15,30.0,55.0,Reforma tributaria,Reforma de acceso al financiamiento,,,,,LAS REFORMAS LABORAL-JUDICIAL/IMPOSITIVA/POLITICA,SI EL DOLAR BAJA NO SIRVE EL ESFUERZO QUE HICIMOS CON LA DEVALUACIÓN 
2019-01-10 00:00:00,EUROCAFE ,Alimentos,"10791 - Tostado, torrado y molienda de café; elaboración y molienda de hierbas aromáticas y",Buenos Aires,Mar del Plata,10.0,Produce,0.0,Positiva,Buena,Aumentará,No,Bueno,40,,,Reforma de acceso al financiamiento,,,,,,CAMBIO DE GOBIERNO,
2019-01-10 04:24:23,LOS ONITAS,Productos de caucho y plásticos,Film y bolsas de polietileno,Tierra del Fuego,"chacabuco 890, río grande",9.0,Produce,-15.0,Nula,Mala,NS/NC,No,Malo,30,30.0,,Reforma laboral,,,,,,"Reactivación de las empresas electrónicas, ya que trabajamos con ellos",
2019-01-10 11:08:46,METALURGICA MARTIN BRAGADO,"Productos de metal, maquinaria y equipo",TORNIQUETAS,Buenos Aires,pellegrini 138 - bragado,4.0,Produce,20.0,Positiva,Regular,Se mantendrá,No,Malo,30,25.0,50.0,Reforma de acceso al financiamiento,,,,,,CAMPO FUNCIONE- BAJAS DE IMPUESTO,
2019-01-10 11:11:55,ISATEX,Textil,13990 - Fabricación de productos textiles n.c.p.Etiquetas textiles,Mendoza,GODOY CRUZ,6.0,Produce,25.0,Positiva,Regular,Se mantendrá,Lo estoy evaluando,Malo,50,20.0,50.0,Reforma tributaria,Reforma laboral,,,,,"Que las pymes accedan a la misma tecnología de insumos que las grandes empresas, poder importar poca cantidad de insumos de mayor calidad. Esto contribuye a bajar la cantidad de horas trabajadas , aumentando la productividad.",
2019-01-10 11:38:25,NATURELA S.R.L.,Alimentos,Milanesas de soja rellenas,Santa Fe,elortondo,3.0,Produce,-25.0,Nula,Regular,Aumentará,Lo estoy evaluando,Regular,40,30.0,50.0,Reforma tributaria,,,,,,Baja de impuestos - ,
2019-01-10 12:44:54,ENERGE  S.A,"Productos de metal, maquinaria y equipo","27.501 Fabricación de cocinas, calefones, estufas y calefactores no eléctricosTermotanques solares",Mendoza,Maipú,60.0,Produce e Importa,3.0,Positiva,Buena,Aumentará,Si,Bueno,70,15.0,48.0,Reforma tributaria,Reforma laboral,,,,,Bajar las aportes a la contribución social un 50 %,
2019-01-10 14:11:43,ACEITES DEL VALLE TRADING S.A,Alimentos,ACEITE DE OLIVA,Mendoza,MAIPU,12.0,Produce,-40.0,Positiva,Regular,Se mantendrá,Lo estoy evaluando,Muy Malo,60,30.0,50.0,Reforma tributaria,Reforma de acceso al financiamiento,,,,,Conseguir nuevos mercados para los productos y poder importar tecnología a precios razonales,
2019-01-10 14:48:09,LUIS GONZALEZ,Alimentos,VINOS Y ESPUMANTE,Mendoza,LA PAZ,6.0,Produce,2.0,Positiva,Buena,Aumentará,Si,Regular,30,15.0,42.0,Reforma tributaria,Reforma de acceso al financiamiento,,,,,O se bajan las cargas sociales del 931 o que se puedan pagar todo juntas de acuerdo al proceso productivo,
2019-01-10 15:18:40,CREMAR SRL,Alimentos,Actividad(es): Principal: 105030 - ELABORACIÓN INDUSTRIAL DE HELADOS » ELABORACIÓN DE PRODUCTOS LÁCTEOS » INDUSTRIA MANUFACTURERA,Santiago del Estero,SANTIAGO DEL ESTERO,11.0,Produce,-45.0,Nula,Mala,Bajará,Lo estoy evaluando,Regular,50,40.0,53.5,Reforma laboral,,,,,,,
2019-01-10 15:46:04,PASTAS DI PASCUALE,Alimentos,PASTAS FRESCAS ENVASADAS,Cordoba,general manuel savio 5731 - cno. interfábricas,32.0,Produce,-12.0,Nula,Regular,Se mantendrá,No,Regular,75,45.0,60.0,Reforma tributaria,Reforma laboral,Reforma de acceso al financiamiento,,,,"""Las PyMES están asfixiadas - para nuestro rubro, sería fundamental subsidiar la harina para la fabricación de pastas.",Pastas Di Pascuale (ex La Negrita) es referente en Córdoba en el sector.
2019-01-10 16:29:54,PLUS GRÁFICA,"Papel, carton, edición e impresión",IMPRESIONES OFFSET Y DIGITAL - IMPRESIONES,Cordoba,av. juan b. justo 2526 - bº gral. bustos,6.0,Produce,10.0,Nula,Regular,Se mantendrá,No,Malo,40,30.0,40.0,Reforma tributaria,,,,,,"""NECESITAMOS UNA REACTIVACIÓN GENERAL DE LA ECONOMÍA""",
2019-01-10 16:43:22,TIENDA LA FAMILIA,Textil,UNIFORMES ESCOLARES - INDUMENTARIA,Cordoba,av. revolución de mayo 1734 - bº crisol norte,6.0,Produce,-20.0,Nula,Regular,Bajará,No,Malo,30,50.0,60.0,Reforma tributaria,Reforma laboral,,,,,URGENTE REFORMA LABORAL Y TRIBUTARIA,
2019-01-10 16:58:03,IMPERIAL CORD SA,Productos de caucho y plásticos,Cubiertas y cámaras de bicicletas y moto,Buenos Aires,Vicente López,58.0,Produce,60.0,Nula,Mala,NS/NC,No,Malo,35,35.0,,Otras,,,,,PARDIDAD CAMBIARIA,Control por parte de la aduana del ingreso de lo importado. Acatamiento de las normas de control de calidad y disposiciones técnicas de todo lo que se importa.,
2019-01-10 17:01:22,PANADERÍA ACAPULCO,Alimentos,ELABORACIÓN DE PAN - MASAS Y FACTURAS,Cordoba,belardinelli 3631 - bº las flores,7.0,Produce,-30.0,Nula,Regular,Aumentará,No,Malo,50,10.0,39.0,Reformas logísticas,,,,,,BAJAR INFLACIÓN - SUBSIDIAR EL PRECIO DE LA HARINA - ATACAR LA COMPETENCIA DESLEAL -,PANADERÍA CON MAS DE 8 LOCALES FAMILIARES - (C/U RESPONDE A UN TITULAR DISTINTO) 
2019-01-10 17:09:37,ASCENSORES PIERANTONI,Electrónico mecánico e informática,TABLEROS ELÉCTRICOS PARA ASCENSORES,Cordoba,ariza 2955 - bº san vicente,8.0,Produce,5.0,Negativa,Regular,Se mantendrá,No,Regular,80,30.0,50.0,Reforma laboral,Reforma de acceso al financiamiento,,,,,"""REFORMA TRIBUTARIA - MAYOR DINERO CIRCULANTE PARA AUMENTAR LA ECONOMÍA""",
2019-01-10 19:19:45,SOTIC S.A.,"Productos de metal, maquinaria y equipo",Metalúrgica de precisión. Racks.,Santa Fe,calle 9 parque industrial sauce viejo ,170.0,Produce,15.0,Negativa,Regular,Se mantendrá,Lo estoy evaluando,Regular,70,46.0,50.0,Reforma laboral,,,,,,Baja de la tasa de interés. Tipo de Cambio Controlado,
2019-01-10 19:25:10,FACORSA S.A.,"Productos de metal, maquinaria y equipo",Autopartista. Radiadores,Santa Fe,parque industrial sauce viejo,87.0,Produce e Importa,-40.0,Nula,Mala,Bajará,No,Muy Malo,40,40.0,60.0,Reforma tributaria,Reforma laboral,Reforma de acceso al financiamiento,Reforma de barreras tecnológicas,Reformas logísticas,,"CREDITOS A TASA SUBISIDIADA , REDUCCIÒN DE TARIFAS , SUSPENSION DE PAGO DE IMPUESTOS,,, ",
2019-01-10 19:29:06,SWEET S.A.,Alimentos,Goma de mascar. Caramelos de goma,Santa Fe,lisandro de la torre 3849 - santa fe,262.0,Produce e Importa,-9.0,Nula,Buena,Aumentará,Si,Regular,50,25.0,50.0,Reforma de acceso al financiamiento,,,,,,Control de inflación – Incremento poder adquisitivo,
2019-01-10 19:33:55,PREMOLDEADOS BERTONE SRL ,Minerales no metálicos,Premoldeados de Hormigón,Santa Fe,ruta 19 km 4.5 santo tomé,139.0,Produce,15.0,Negativa,Regular,Se mantendrá,Lo estoy evaluando,Regular,70,40.0,48.0,Reforma tributaria,,,,,,INVERSIÓN EN INFRAESTRUCTURA Y  OBRA PUBLICA,
2019-01-10 19:38:47,INES RITVO,Textil,Mallas. Calzas.,Santa Fe,crespo 2468 - santa fe,5.0,Produce,-10.0,Positiva,Regular,Se mantendrá,No,Malo,30,50.0,55.0,Reforma de acceso al financiamiento,,,,,,"simplificación tributaria: menos complicaciones y menos presión, para poder dedicar el tiempo a crear productos rentables, y no a tener que tapar agujeros ",
2019-01-10 23:59:44,PETIT PLAST,Productos de caucho y plásticos,BOLSAS DE POLIETILENO,Salta,SALTA,86.0,Produce,5.0,Positiva,Buena,Se mantendrá,Si,Regular,90,50.0,50.0,Reforma tributaria,Reforma de acceso al financiamiento,,,,,La facilitación de acceder a créditos con buena tasa de interés. ,
2019-01-11 00:02:07,SODA IDEAL SRL,Alimentos,BIDON DE AGUA DE 20 LITROS,Salta,SALTA,38.0,Produce,-6.0,Nula,Buena,Se mantendrá,Lo estoy evaluando,Regular,60,30.0,48.0,Reforma tributaria,Reforma laboral,,,,,Menos presión impositiva.,
2019-01-11 00:05:14,CERÁMICA DEL NORTE S.A.,Minerales no metálicos,LADRILLO HUECO,Salta,SALTA,329.0,Produce,0.0,Nula,Buena,Bajará,No,Regular,85,,,Reforma laboral,,,,,,"En general, la baja de la inflación y la baja de la presión tributaria. Además, avizorar una estabilidad en todas las áreas que se mantenga en el tiempo.",
2019-01-11 00:08:07,VIRGEN DEL VALLE,Alimentos,PAN DE VIENAS,Salta,SALTA,58.0,Produce,20.0,Nula,Regular,Se mantendrá,No,Muy Malo,100,30.0,50.0,Reforma tributaria,Reforma laboral,,,,,Reforma tributaria y laboral,
2019-01-11 00:11:33,TEMET,Electrónico mecánico e informática,ARRANCADORES DE AVIONES Y MAQUINAS DE SOLDAR,Salta,SALTA,10.0,Produce e Importa,-60.0,Nula,Crítica,NS/NC,No,Muy Malo,20,,40.0,Reforma de barreras tecnológicas,,,,,,PONER EN MARCHA LA PRODUCCION. ,
2019-01-11 00:13:12,DAGUN,Textil,INDUMENTARIA DEPORTIVA,Salta,SALTA,10.0,Produce,50.0,Nula,Buena,Aumentará,Lo estoy evaluando,Malo,70,100.0,55.0,Reforma laboral,,,,,,FIJAR EL DÓLAR A UN SÓLO PRECIO. ,
2019-01-11 13:53:07,Electromallas SA,"Productos de metal, maquinaria y equipo",Mallas electrosoldadas,Buenos Aires,San Nicolás de los arroyos,27.0,Produce,-20.0,Positiva,Regular,Aumentará,Si,Bueno,60,30.0,50.0,Reforma tributaria,Reforma laboral,Reforma de acceso al financiamiento,,,,Acceso financiamiento,Estamos construyendo para abrir en el parque industrial de la ciudad
2019-01-11 13:56:49,Ing. Franco Ferraro SRL,"Productos de metal, maquinaria y equipo",Grúas hidráulicas,Buenos Aires,San Nicolás de los arroyos,12.0,Produce,-38.0,Negativa,Mala,Aumentará,Si,Malo,20,30.0,60.0,Reforma tributaria,Reforma laboral,,,,,Financiamiento,
2019-01-11 15:36:12,MANANTIALES DEL PUERTO,Alimentos,AGUA DE MESA LOGÍSTICA Y DISTRIBUCIÓN ,Chaco,parque industrial barranqueras ,6.0,Produce,40.0,Negativa,Mala,Aumentará,Lo estoy evaluando,Malo,50,40.0,,Reforma laboral,,,,,,BAJANDO LOS IMPUESTOS Y PRECIOS DE MATERIA PRIMA ,
2019-01-11 15:53:09,CC&MAT SRL,"Productos de metal, maquinaria y equipo",ABERTURAS DE ALUMINIO,Chaco,parque industrial barranqueras ,8.0,Produce,-50.0,Negativa,Mala,Se mantendrá,No,Malo,50,,45.0,Reforma laboral,,,,,,MENOS IMPUESTOS Y BAJAR PRECIOS ,
2019-01-11 16:15:18,HELADOS VENEZIA SRL,Alimentos,helados,Buenos Aires,murature 2160 lomas de zamora,15.0,Produce,-30.0,Nula,Regular,Bajará,No,Malo,50,25.0,52.0,Reforma tributaria,Reforma laboral,,,,,subsidio o baja a las pymes en cargas sociales ,
2019-01-11 16:17:53,FAVIR TEXTIL SRL,Textil,medias,Buenos Aires,triunvirato 64 tristan suarez,25.0,Produce,8.0,Positiva,Regular,Se mantendrá,No,Regular,80,25.0,55.0,Reforma tributaria,Reforma laboral,Reforma de acceso al financiamiento,,,,bajar los costos en recursos humanos,
2019-01-11 16:21:32,DISEÑO Y METAL SA,"Productos de metal, maquinaria y equipo",barrales para baños y minusvalidos,Buenos Aires,29 de septiembre 3356 r. de escalada,15.0,Produce,37.0,Nula,Buena,Se mantendrá,Lo estoy evaluando,Regular,70,50.0,52.0,Reforma tributaria,Reforma laboral,Reforma de acceso al financiamiento,Reforma de barreras tecnológicas,Reformas logísticas,,"bajar impuestos y cargas sociales
",
2019-01-11 16:25:08,EXTRACTORES TST,"Productos de metal, maquinaria y equipo",extractores y campanas de metal,Buenos Aires,ruta pcial 4 n 752 lavallol,20.0,Produce,25.0,Positiva,Regular,Se mantendrá,No,Malo,70,25.0,45.0,Reforma de acceso al financiamiento,,,,,,subsidio de cargas sociales y/o impuestos,
2019-01-11 16:27:27,FRESCHEZZA HELADOS SA,Alimentos,helado,Buenos Aires,eva peron 1450 temperley,22.0,Produce,40.0,Positiva,Buena,Se mantendrá,NS/NC,Regular,60,20.0,55.0,Reforma tributaria,Reforma laboral,Reforma de acceso al financiamiento,,,,bajas en cargas sociales,
2019-01-11 16:29:59,ODA PRODUCTOS ELECTRICOS,Electrónico mecánico e informática,zapartillas de enchufe y resistencias electricas,Buenos Aires,albariños 2962 r. de escalada,10.0,Produce,20.0,Nula,Regular,Bajará,Lo estoy evaluando,Malo,50,25.0,55.0,Reforma tributaria,Reforma laboral,Reforma de acceso al financiamiento,Reforma de barreras tecnológicas,Reformas logísticas,,tarifas mas bajas,
2019-01-11 16:32:13,METALURGICA TALLERES GINI,"Productos de metal, maquinaria y equipo",cajon parrilla cocina domec,Buenos Aires,boedo 1350 lomas de zamora,6.0,Produce,5.0,Nula,Regular,Se mantendrá,No,Regular,60,25.0,50.0,Reforma tributaria,Reforma laboral,Reforma de acceso al financiamiento,,,,,
2019-01-11 16:51:02,FORESTAL GUARANY,Madera y muebles,aberturas y maderas especiales,Misiones,"av santa catalina 2755 , posadas",35.0,Produce e Importa,0.0,Nula,Regular,Aumentará,Si,NS/NC,80,26.0,,Reforma tributaria,,,,,,aumento de créditos a menores tasas. ,
2019-01-11 16:51:05,HELVECIA S.A,Madera y muebles,"aserraje,tablas, apg",Misiones,acceso alto parana s/n 3378 puerto esperanza,30.0,Produce e Importa,-4.0,Negativa,Mala,Aumentará,Si,Muy Malo,70,20.0,43.0,Reforma tributaria,Reforma laboral,,,,,menor pago de impuestos dentro la provincia . ,
2019-01-11 16:51:08,AGUAS SHERF,Alimentos,aguas y sodas,Misiones,"calle 122 n 3207 esq 65,posadas",11.0,Produce e Importa,1.0,Nula,Buena,Se mantendrá,Lo estoy evaluando,Malo,70,16.0,42.0,Reforma tributaria,Otras,,,,Frenar el comercio ilegal.,Mantener la competitividad industrial en un entorno de incertidumbre jurídica y dependencia energética .,
2019-01-11 16:51:12,DUOMO SRL,Alimentos,elaboracion helados ,Misiones,"av. martin fierro nº 3058,posadas",50.0,Produce e Importa,-2.0,Nula,Regular,Bajará,Si,Regular,80,13.0,42.0,Reforma tributaria,Reforma laboral,,,,,se podría comenzar con establecer subsidios en los servicios y que los costos municipales no sean tan altos para las empresas.,
2019-01-11 16:51:22,ASERRADERO BORGMANN,Madera y muebles,"maderas, machimbrados y placas",Misiones,"av.los proceres y san alberto, capiovi ",20.0,Produce e Importa,-1.4,Negativa,Mala,Bajará,NS/NC,Muy Malo,70,30.0,45.0,Reforma tributaria,Otras,,,,Estimular consumo interno,,
2019-01-11 16:53:28,DESCARTABLES SAN NICOLAS,Productos de caucho y plásticos,ENVASES PLÁSTICOS - FILMS - BOLSAS DE POLIETILENO,Cordoba,ruta 9 (n) km. 735 - esquina tucumán - estación gral. paz - dpto. colón,6.0,Produce,-10.0,Nula,Buena,Se mantendrá,No,Malo,70,25.0,45.0,Reforma tributaria,Reforma laboral,,,,,BAJAR PRESIÓN IMPOSITIVA.,
2019-01-11 16:57:50,MELLIA - BIDONI INGENIERÍA ELÉCTRICA ,"Productos de metal, maquinaria y equipo",HORNOS INDUTRIALES P/ ALIMENTOS Y PINTURAS,Cordoba,juan de dios filiberto 1452 - bº pueyrredón,6.0,Produce,30.0,Positiva,Buena,Aumentará,No,Regular,50,40.0,60.0,Reforma de barreras tecnológicas,,,,,,MEJORAR EL COSTO DE LA MATERIA PRIMA,
2019-01-11 17:08:40,SODAS COLOMBO,Alimentos,FABRICA DE SODA - AGUA DE MESA,Cordoba,guillermo hudson 4763 - bº los gigantes,8.0,Produce,-30.0,Negativa,Regular,Bajará,No,Malo,30,70.0,50.0,Reforma laboral,,,,,,"SE DEBEN APLICAR POLÍTICAS URGENTES, TENDIENTES A REACTIVAR LA ECONOMÍA - REFORMA TRIBUTARIA.",
2019-01-11 17:42:18,RCW SRL,Material de transporte,CASAS RODANTES,Chaco,juan b. justo 720,12.0,Produce,50.0,Negativa,Regular,Se mantendrá,Si,Regular,40,45.0,59.0,Reforma de acceso al financiamiento,Reforma de barreras tecnológicas,,,,,Bajar tasas de interés y tasas impositivas que son excesivamente altas.,
2019-01-12 11:47:48,I.G.U,"Papel, carton, edición e impresión",impresiónes,Chubut,"rawson 731, comodoro rivadavia",2.0,Produce,30.0,Negativa,Regular,Bajará,No,Malo,80,20.0,42.0,Reforma de acceso al financiamiento,Reforma de barreras tecnológicas,,,,,Modificaciónes en los reglamentos de utilización de tecnologia en los comercios,"El dueño del comercio explicaba una baja en su rentabilidad debido a la normativa  de la afip en donde modifica el uso de los talonarios(Pasan de papel a electronicos), el cual era uno de sus principales funtes de ingresos."
2019-01-12 11:57:13,DEL VIENTO,Alimentos,Chocolates ,Chubut,"san martin 502, comodoro rivadavia",60.0,Produce,100.0,Positiva,Buena,Se mantendrá,No,Bueno,70,50.0,40.0,Reforma tributaria,Reforma laboral,Reforma de acceso al financiamiento,,,,No hace falta una reactivación,
2019-01-12 22:47:30,PRODUNOA SA,Alimentos,11049 - ELABORACIÓN DE BEBIDAS NO ALCOHÓLICAS N.C.P.  Gaseosa Secco,Santiago del Estero,LA BANDA,122.0,Produce,12.0,Nula,Regular,Se mantendrá,No,Regular,70,30.0,48.0,Reforma tributaria,Reforma laboral,Reforma de acceso al financiamiento,,,,Tener mayor acceso a Programas de financiamiento,
2019-01-13 17:45:03,LA LUISA MUEBLES,Madera y muebles,muebles de madera,Buenos Aires,parral 1955 lomas de z,20.0,Produce,50.0,Nula,Regular,Se mantendrá,No,Malo,40,20.0,42.0,Reforma tributaria,,,,,,reforma tributaria,
2019-01-14 00:00:00,SANJOR,Electrónico mecánico e informática,"27.509 FABRICACIÓN DE APARATOS DE USO DOMÉSTICO N.C.P._x000D_
_x000D_
FABRICACIÓN DE ESTUFAS DE CULTIVO Y ESTILIZANTES",Buenos Aires,San Martín,6.0,Produce e Importa,-15.0,Negativa,Buena,Aumentará,No,Malo,60,25.0,50.0,Otras,,,,,"No más subas en las tarifas de servicios (luz, gas, etc)",AUMENTO DEL DOLAR SIN INFLACIÓN,
2019-01-14 11:40:59,G Y G REVESTIMIENTOS,Minerales no metálicos,Placa de Yesos,Entre Rios,eva peron 243 - hernandarias,3.0,Produce,-20.0,Nula,Regular,Se mantendrá,Si,Regular,75,35.0,43.0,Reforma tributaria,Reforma laboral,,,,,"URGENTE disminución de las cargas laborales, impositivas y de energia",
2019-01-14 12:07:36,SHUZ BUENOS AIRES S.A.,Calzado y marroquinería,Calzado dama,CABA,lavalle 1436 villa maipu gral. san martín,15.0,Produce,-30.0,Negativa,Mala,Se mantendrá,No,Malo,60,40.0,55.0,Reforma tributaria,,,,,,baja de impuestos,
2019-01-14 13:35:48,RODABER S.A.,"Productos de metal, maquinaria y equipo",Fabricación de bicicletas,Buenos Aires,San martín,30.0,Produce,0.0,Positiva,Buena,Se mantendrá,No,Regular,85,25.0,50.0,Reforma tributaria,Reforma laboral,Reforma de acceso al financiamiento,Reforma de barreras tecnológicas,Reformas logísticas,,Aumento de aranceles de importación,
2019-01-14 15:11:14,TENSO CARROCERIAS,Material de transporte,CARROCERIAS DE CAMIONES,Salta,SALTA,36.0,Produce,-40.0,Nula,Regular,Bajará,No,Muy Malo,50,25.0,,Reforma de acceso al financiamiento,Reforma de barreras tecnológicas,,,,,Medidas para activar el consumo. Al realizar carrocerias de camiones que transportan alimentis bajo la produccion por la poca demanda de esos productos.,
2019-01-14 15:30:06,MARMOLERÍA PSENDA SRL,Minerales no metálicos,MESADAS DE COCINA ,Salta,SALTA,9.0,Produce,-20.0,Negativa,Regular,Se mantendrá,No,Malo,40,50.0,45.0,Reforma tributaria,,,,,,Debe activarse el sector de la contruccion porque son sus principales clientes y al estar frenado su industria tambien lo hace.,
2019-01-14 16:27:25,CARROCERÍA AYUSA,Material de transporte,CARROCERIAS DE CAMIONES,Salta,Salta,12.0,Produce,0.0,Nula,Regular,Se mantendrá,No,Malo,40,30.0,41.0,Reforma tributaria,Reforma laboral,Reforma de acceso al financiamiento,Reforma de barreras tecnológicas,Reformas logísticas,,Financiamiento con tasas de interés bajas.,
2019-01-14 16:29:31,DE LA COLONIA,Alimentos,Chocolates,Chubut,sarmiento 318,8.0,Produce,0.0,Positiva,Buena,Se mantendrá,Si,Regular,70,30.0,42.0,Reforma de acceso al financiamiento,,,,,,Cambio en los Costos de trasporte de materia prima,
2019-01-14 16:35:40,BARILE S.R.L,Alimentos,Panificados,Chubut,"kannedy 2292, comodoro rivadavia",90.0,Produce,0.0,Nula,Regular,Se mantendrá,Lo estoy evaluando,Regular,100,50.0,45.0,Reforma tributaria,Reforma laboral,,,,,Disminución de los impuestos,La empresa a cerrado una de sus sucursales de producción en la ciudad en el ultimo mes
2019-01-14 18:56:16,VEXAR SRL,Otro,ABERTURAS Y VIDRIO,Jujuy,san salvador de jujuy,17.0,Produce,10.0,Positiva,Buena,Aumentará,No,Malo,70,40.0,50.0,Reforma tributaria,Reforma laboral,Reforma de barreras tecnológicas,Reformas logísticas,,,CREDITOS PARA CONSTRUIR TIPO PROCREAR,"REFORMA LABORAL URGENTE. 
BASTA DE CARGAR A LA PYME CON IMPUESTOS, BONOS DE FIN DE AÑO, ETC."
2019-01-14 19:48:35,Industria Metalúrgica de San Nicolás Leval SA,"Productos de metal, maquinaria y equipo",Corte y plegado de chapas,Buenos Aires,San Nicolás de los arroyos,70.0,Produce,40.0,Nula,Regular,Aumentará,No,Regular,80,20.0,48.0,Reforma de barreras tecnológicas,Reforma laboral,,,,,"Estabilidad económica, baja de inflación y dólar competitivo.",Fue un año muy positivo para la empresa
2019-01-14 21:54:15,MAR PLAST SRL,Productos de caucho y plásticos,BOLSAS CAMISETAS Y DE RESIDUOS,Salta,SALTA,9.0,Produce,10.0,Nula,Regular,Bajará,No,Malo,80,25.0,50.0,Reforma tributaria,Reforma laboral,Reforma de acceso al financiamiento,,,,Más apoyo crediticio para la industria y baja de cargas laborales .,
2019-01-15 00:00:00,LOGOT,Electrónico mecánico e informática,"26601 - FABRICACIÓN DE EQUIPO MÉDICO Y QUIRÚRGICO Y DE APARATOS ORTOPÉDICOS PRINCIPALMENTE ELECTRÓNICOS Y/O ELÉCTRICOS _x000D_
_x000D_
Fabricación de productos electrónicos",Buenos Aires, Banfield,2.0,Produce,-50.0,Negativa,Mala,Bajará,No,Malo,10,,50.0,Reforma laboral,,,,,,INYECCION DEL DINERO EN EL MERCADO,
2019-01-15 00:00:00,TOMOL SRL,Madera y muebles,"16290 - FABRICACIÓN DE PRODUCTOS DE MADERA N.C.P, FABRICACIÓN DE ARTÍCULOS DE PAJA Y MATERIALES TRENZABLES_x000D_
_x000D_
Fabricacion de Pallets y embalajes de madera",Buenos Aires,benavidez,25.0,Produce,-35.0,Negativa,Crítica,Aumentará,No,Muy Malo,65,30.0,45.0,Reforma de acceso al financiamiento,,,,,,"bajar tasas de financiación,bajar carga impositiva",
2019-01-15 00:00:00,ARTEX,Textil,"14120 - Confección de prendas y accesorios de vestir de cuero_x000D_
_x000D_
ESTAMPADO EN RELIEVE",CABA,,13.0,Produce,-45.0,Negativa,Crítica,NS/NC,No,Malo,30,,50.0,Reforma de acceso al financiamiento,,,,,,que la gente tenga mas dinero para comprar,
2019-01-15 00:00:00,ALTPROS S.A,Químicos,"19.200 Fabricación de productos de la refinación del petróleo_x000D_
_x000D_
Fabricación de lubricantes industriales alimenticios",Buenos Aires,San Martín,8.0,Produce e Importa,-10.0,Positiva,Buena,Se mantendrá,No,Malo,50,35.0,55.0,Reforma tributaria,Reforma laboral,Reforma de acceso al financiamiento,Reforma de barreras tecnológicas,Reformas logísticas,,REACTIVAR EL CONSUMO ATRAVEZ DE AUMENTAR EL SUELDO DE LA GENTE,
2019-01-15 00:00:00,INDUSTRIAS PARA EL ARTE S.A,Químicos,"20.220 Fabricación de pinturas; barnices y productos de revestimiento similares; tintas de imprenta_x000D_
y masillas",Buenos Aires,Tablada,,Produce,-25.0,Negativa,Regular,Aumentará,No,Malo,75,30.0,50.0,Reforma tributaria,,,,,,BAJA DE INTERESES,
2019-01-15 00:00:00,THINNER TEDE SRL,Químicos,20220 - Fabricación de pinturas; barnices y productos de revestimiento similares; tintas de imprenta y masillas,Buenos Aires,Garín,60.0,Produce,-2.0,Positiva,Crítica,Se mantendrá,No,Malo,50,35.0,45.0,Reforma tributaria,Reforma laboral,Reforma de acceso al financiamiento,Reforma de barreras tecnológicas,Reformas logísticas,,BAJAR LOS IMPUESTOS,
2019-01-15 08:15:24,TINGLAFE SRL,"Productos de metal, maquinaria y equipo",Montajes industriales. Tinglados y galpones,Santa Fe,lote 171 parque industrial sauce viejo,6.0,Produce,-40.0,Nula,Mala,NS/NC,No,Muy Malo,50,45.0,55.0,Reforma tributaria,,,,,,Estabilidad del tipo de cambio.,
2019-01-15 10:54:57,EDITORIAL FRANCESA,"Papel, carton, edición e impresión",Publicidad/ medios gráficos,CABA,CABA,7.0,Produce,50.0,Nula,Regular,Bajará,No,Muy Malo,50,30.0,48.0,Reforma tributaria,,,,,,"Reforma Tributaria, reforma laboral, bajar tasas",
2019-01-15 16:14:06,QUIMICA RIOJA S.R.L.,Químicos,PRODUCTOS DE LIMPIEZA,La Rioja,LA RIOJA ,7.0,Produce,5.0,Positiva,Regular,Se mantendrá,No,Regular,70,30.0,45.0,Reforma tributaria,Reforma laboral,,,,,"REDUCIR PRESION TRIBUTARIA , FLEXIBILIZACION LABORAL",
2019-01-15 16:18:55,ROLDAN EMILIO,Alimentos,ELABORACION DE ACEITUNAS,La Rioja,VILLA MAZAN,12.0,Produce,-15.0,Nula,Regular,Bajará,No,Regular,60,30.0,45.0,Reforma tributaria,,,,,,REDUCIR PRESION TRIBUTARIA - FLEXIBILIZACION LABORAL,
2019-01-15 16:22:37,OLIEICOLA RIOJANA S. A.,Alimentos,ACEITUNA ELABORADA,La Rioja, AIMOGASTA,9.0,Produce,-10.0,Positiva,Regular,Se mantendrá,No,Regular,60,30.0,45.0,Reforma tributaria,Reforma laboral,Reforma de acceso al financiamiento,,,,REACTIVAR EL CONSUMO - REDUCIR PRESION TRIBUTARIA,
2019-01-15 16:25:54,GUALCO  S. A. ,Productos de caucho y plásticos,TERMO FORMADO PLASTICO PARA COMIDA RAPIDA,La Rioja,LA RIOJA ,51.0,Produce,-10.0,Positiva,Buena,Se mantendrá,Si,Regular,60,30.0,45.0,Reforma laboral,,,,,,REACTIVAR EL CONSUMO,
2019-01-16 08:04:35,MARIO CESCA SA,Minerales no metálicos,MOSAICOS GRANITO,Santiago del Estero,LA BANDA,11.0,Produce,1.0,Negativa,Regular,Se mantendrá,No,Bueno,75,25.0,45.0,Reforma tributaria,Reforma laboral,Reforma de acceso al financiamiento,Reforma de barreras tecnológicas,Reformas logísticas,,"Apostar a la obra Publica
Bajar los costos laborales",
2019-01-16 08:16:28,CHANGO CALZADOS DE MARIO RAÚL VAULET,Calzado y marroquinería,"Calzado informal. Zapatillas inyectadas, sandalias y alpargatas.",Santiago del Estero,LA BANDA,15.0,Produce,-20.0,Negativa,Regular,Se mantendrá,No,Muy Malo,60,25.0,45.0,Reforma tributaria,Reforma laboral,,,,,Limitar las importaciones en el sector.,
2019-01-16 10:01:36,PLASTIANDINO S.A.,Productos de caucho y plásticos,FILM TERMOCONTRAIBLE IMPRESO,Mendoza,SAN RAFAEL,144.0,Produce,-10.0,Nula,Regular,Se mantendrá,No,Malo,90,30.0,47.0,Reforma tributaria,Reforma laboral,Reforma de acceso al financiamiento,,,,Volver a tasas de interés razonables y estabilidad cambiaria,
2019-01-16 11:14:13,ENVASES BAP,Productos de caucho y plásticos,Envases plásticos ,Tucuman,"muñecas 1355, san miguel de tucuman",22.0,Produce,50.0,Negativa,Regular,Bajará,No,Muy Malo,30,35.0,50.0,Reforma tributaria,Reforma de acceso al financiamiento,,,,,Que se concreten las reformas antes mencionadas.,
2019-01-16 11:16:04,EIFFEL ASCENSORES,Electrónico mecánico e informática,Ascensores,Tucuman,"san lorenzo 438, san miguel de tucumán",30.0,Produce,12.0,Positiva,Regular,Aumentará,No,Regular,50,35.0,45.0,Reforma tributaria,Reforma laboral,Reforma de acceso al financiamiento,,,,Reforma laboral,
2019-01-16 11:20:14,INDUSTRIAL METALMECÁNICA S.A.,"Productos de metal, maquinaria y equipo",Piezas de hierro y acero para ingenios,Tucuman,"9 de julio 1051, san miguel de tucuman",180.0,Produce,10.0,Positiva,Muy Buena,Se mantendrá,Lo estoy evaluando,Regular,80,35.0,45.0,Reforma tributaria,Reforma laboral,Reforma de acceso al financiamiento,,,,"Por el momento estamos trabajando bien.
",
2019-01-16 11:24:06,"RÍO DE LUNA S.A.
",Madera y muebles,Biomasa energética,Tucuman,"av salta 106, san miguel de tucumán",12.0,Produce,-20.0,Nula,Regular,Aumentará,Si,Regular,60,50.0,60.0,Reforma tributaria,Reforma de acceso al financiamiento,,,,,Baja de tasas y aumento de obras publicas.,
2019-01-16 11:43:53,Penetrit,Químicos,Lubricante multiuso,Buenos Aires,Buenos Aires,16.0,Produce,21.0,Nula,Regular,Se mantendrá,Lo estoy evaluando,Malo,60,30.0,48.0,Reforma tributaria,Reforma laboral,Reforma de acceso al financiamiento,Reforma de barreras tecnológicas,Reformas logísticas,,"Reducir fuertemente la presión tributaria y los costos laborales. Fomentar, apoyar o subsidiar el consumo para reactivarlo. Proteger la industria nacional desalentando el ingreso de productos importados que se fabriquen en el país.",
2019-01-16 11:58:36,VIDRIAL SRL,"Productos de metal, maquinaria y equipo",FABRICACION DE CARPINTERIAS DE ALUMINIO - VIDRIOS PROCESADOS,Tucuman,"avenida siria 1633, san miguel de tucuman",100.0,Produce,5.0,Positiva,Buena,Aumentará,Lo estoy evaluando,Regular,70,35.0,45.0,Reforma tributaria,Reforma laboral,Reforma de acceso al financiamiento,Reforma de barreras tecnológicas,,,"Estamos trabajando bien.
",
2019-01-16 13:23:39,LUES ABERTURAS,"Productos de metal, maquinaria y equipo",Puerta,Entre Rios,"río uruguay 102, paraná",1.0,Produce,-15.0,Nula,Regular,Se mantendrá,Si,Regular,50,40.0,43.0,Reforma tributaria,,,,,,Para nosotros que empezamos lo mejor es bajar la Presión Tributaria y mejorar el acceso a la linea de financiamiento ,
2019-01-16 14:50:12,Welding alloys Argentina ,"Productos de metal, maquinaria y equipo",Placas bimetálicas antidesgaste- Alambre tubular de soldadura,Buenos Aires,San Nicolás de los arroyos,32.0,Produce e Importa,-10.0,Nula,Regular,Aumentará,Lo estoy evaluando,Malo,45,30.0,45.0,Reforma tributaria,Reforma laboral,Reforma de acceso al financiamiento,Reforma de barreras tecnológicas,Reformas logísticas,,"Programas de compre nacional de los rubros minero, cementero y siderúrgico pero con estricta observancia de la calidad del producto. ",
2019-01-16 14:58:10,Asociación de cooperativas argentinas C.L.,Alimentos,Alimentos para bovinos y mascotas,Buenos Aires,San Nicolás de los arroyos,100.0,Produce e Importa,-5.0,Nula,Regular,Se mantendrá,No,Regular,60,30.0,,Reforma tributaria,,,,,,,
2019-01-16 15:04:38,ZETATEC SA,Productos de caucho y plásticos,Construcciones ,Buenos Aires,San Nicolás de los arroyos,250.0,Produce,50.0,Positiva,Muy Buena,Aumentará,Si,Bueno,60,50.0,51.0,Reforma tributaria,Reforma laboral,,,,,Inversiones financieras,
2019-01-16 17:07:32,ALMACÉN DE DISEÑO,Textil,Textil indumentaria,Chubut,"rawson 1289, comodoro rivadavia",4.0,Produce,40.0,Positiva,Buena,Aumentará,Lo estoy evaluando,Bueno,50,50.0,,Reforma laboral,,,,,,,
2019-01-16 17:23:19,OLIGRAF,"Papel, carton, edición e impresión",Impresión de facturas,Chubut,"sarmiento 1095, comodoro rivadavia",3.0,Produce,50.0,Nula,Buena,Se mantendrá,No,Malo,50,40.0,60.0,Reforma tributaria,Reforma laboral,Reforma de acceso al financiamiento,Reforma de barreras tecnológicas,Reformas logísticas,,,
2019-01-16 18:52:50,PAPELERA KYA,"Papel, carton, edición e impresión","Papel, carton, edición e impresión",Misiones,av. rademacher 5484,10.0,Produce e Importa,2.3,Nula,Buena,Aumentará,Lo estoy evaluando,Muy Malo,60,33.0,42.0,Reforma tributaria,Reforma laboral,Reforma de acceso al financiamiento,,,,,
2019-01-16 19:08:11,ELIANA ,Calzado y marroquinería,calzados para dama,Misiones,"junin 1899 posadas,posadas",24.0,Produce e Importa,-0.4,Nula,Regular,Bajará,Si,Malo,80,25.0,45.0,Reforma tributaria,Reforma laboral,Reforma de acceso al financiamiento,,,,,
2019-01-16 22:25:00,Prosintex quimica,Químicos,Auxiliares textiles,Buenos Aires,,46.0,Produce,-10.0,Nula,Mala,Bajará,Lo estoy evaluando,Muy Malo,35,50.0,45.0,Reforma tributaria,Reforma laboral,Reforma de acceso al financiamiento,,,,Sacar las politicas liberales,
2019-01-16 22:27:10,CORREA,Calzado y marroquinería,,Buenos Aires,mario bravo,,Produce,-20.0,Positiva,Buena,Aumentará,No,Regular,100,35.0,50.0,Reforma tributaria,Reforma de acceso al financiamiento,,,,,Cerrar o restringir importación de calzado,
2019-01-16 22:28:21,TALLER ESPERANSA,"Productos de metal, maquinaria y equipo",,Buenos Aires,mario bravo 341,,Produce,-15.0,Negativa,Regular,Se mantendrá,No,Malo,70,40.0,50.0,Reforma tributaria,,,,,,"Regular la importacion
activar consumo interno
invertir mas en las pymes",
2019-01-16 22:31:19,El Podio,Alimentos,Helados,Buenos Aires,,8.0,Produce,-30.0,Positiva,Regular,Se mantendrá,No,Malo,70,40.0,45.0,Reforma tributaria,,,,,,Facilitar la apertura de importación de repuestos de maquinas y pastas para fabricar helados,
2019-01-16 22:32:52,AA WOLHEIN,Minerales no metálicos,,Buenos Aires,castro barros 56,,Produce,-50.0,Negativa,Regular,NS/NC,No,Muy Malo,50,40.0,50.0,Reformas logísticas,,,,,,reactivar el consumo,
2019-01-16 22:34:19,JAIME WALDMAN,Textil,,Buenos Aires,murillo 624,,Produce,20.0,Positiva,Regular,Se mantendrá,No,Malo,35,35.0,52.0,Reforma tributaria,Reforma de acceso al financiamiento,,,,,Cambio de plan economico,
2019-01-16 22:35:20,ANTEX ANTINA SA,Productos de caucho y plásticos,,CABA,urquiza 2248,,Produce,-25.0,Nula,Regular,Se mantendrá,No,Regular,60,40.0,45.0,Reforma tributaria,Reforma laboral,Reforma de acceso al financiamiento,,,,Limitación importación,
2019-01-17 00:00:00,ARGENPACK CORRUGADOS,"Papel, carton, edición e impresión",17020 - Fabricación de papel y cartón ondulado y envases de papel y cartón,Buenos Aires,Lanús,120.0,Produce,-10.0,Positiva,Buena,Bajará,Si,Malo,60,25.0,50.0,Reforma tributaria,Reforma laboral,,,,,estimular el consumo de mercado interno. apuntalar el consuno interno. no se ven afectados por el comercio exterior. indirectamente las impo afectan.,"particularmente enero esta arrancando muy abajo. las espectativas 2019 son aumentar el volumen, con mas politica comercial, se van a ampliar. en el total de año cayeron un 5%."
2019-01-17 00:00:00,CONDISTELEC,"Papel, carton, edición e impresión",Desarrollo de software y hardware,Buenos Aires,Florida Oeste ,21.0,Produce,-50.0,Nula,Regular,Bajará,No,Malo,30,15.0,50.0,Reforma tributaria,Reforma laboral,,,,,reactivar el consumo.,
2019-01-17 00:36:56,NAG,Madera y muebles,Pino,Jujuy,parroco marshke  1298,3.0,Produce,50.0,Negativa,Mala,Bajará,No,Malo,50,40.0,,Reforma tributaria,,,,,,Mas produccion en todos los sectores activaria el pais,
2019-01-17 00:44:25,LEONA TEXTIL,Textil,Escolar,Jujuy,independencia 924,4.0,Produce,-60.0,Nula,Buena,Aumentará,No,Regular,50,45.0,50.0,Reforma laboral,,,,,,Activando el consumo de la gente,
2019-01-17 00:53:26,LIBAL,"Productos de metal, maquinaria y equipo",Carroceria,Jujuy,jujuy,5.0,Produce,-20.0,Nula,Mala,Se mantendrá,Lo estoy evaluando,Regular,60,15.0,48.0,Reforma tributaria,,,,,,Achicar al Estado  y ver sobre la reforma tributaria menos impuestos,
2019-01-17 01:18:04,DOÑA MARIA,Alimentos,Pastas,Jujuy,juárez celman 1780,13.0,Produce,-20.0,Nula,Regular,Se mantendrá,No,Regular,70,25.0,,Reforma tributaria,Reforma de acceso al financiamiento,,,,,Modificando la tributaria la laboral y el financiamiento se reactiva el sector,
2019-01-17 08:10:52,GIANNA B,Químicos,Ceras depilatorias. Gel para cabello,Santa Fe,"parque industrial ""los polígonos"" santa fe",6.0,Produce,-15.0,Positiva,Regular,Se mantendrá,Si,Malo,50,35.0,50.0,Reforma tributaria,,,,,,Facilitar el acceso al financiamiento con tasas más bajas o subsidiadas.,
2019-01-17 08:15:31,FIGAN CARNES PORCINAS,Alimentos,Carne porcina envasada al vacío,Santa Fe,"parque industrial ""los polígonos"" santa fe",25.0,Produce,-10.0,Positiva,Regular,Aumentará,No,Regular,30,30.0,55.0,Reforma tributaria,Reforma de acceso al financiamiento,,,,,Facilidades de crédito para capital de trabajo e infraestructura.,
2019-01-17 08:25:21,KONTINUOS SRL,"Papel, carton, edición e impresión",IMPRESIONES OFFSET Y DIGITAL. PRODUCTOS DE PAPEL,Santiago del Estero,SANTIAGO DEL ESTERO,18.0,Produce,-40.0,Negativa,Mala,Se mantendrá,No,Muy Malo,50,25.0,45.0,Reforma tributaria,Reforma laboral,,,,,,
2019-01-17 09:52:24,POLISAN SRL,Productos de caucho y plásticos,20140 - Fabricación de plásticos en formas primarias y de caucho sintético,Santiago del Estero,LA BANDA,17.0,Produce,0.0,Nula,Regular,Se mantendrá,No,Malo,60,30.0,45.0,Reforma tributaria,Reforma laboral,Reforma de acceso al financiamiento,Reforma de barreras tecnológicas,Reformas logísticas,,Menor carga impositiva y laboral,
2019-01-17 10:20:55,IBER DISEÑOS SRL ,Madera y muebles,Amoblamiento de Cocina,Buenos Aires,"av. díaz velez 1174, ciudadela.",18.0,Produce,-20.0,Nula,Regular,Se mantendrá,No,Malo,75,30.0,40.0,Reforma tributaria,Reforma de barreras tecnológicas,,,,,"Menor presión impositiva, menor costo laboral. ","Iber diseños, afirma que su económia permanecerá estable durante los próximos meses. "
2019-01-17 10:29:14,CESCA HNOS.,Minerales no metálicos,MARMOLERIA,Santiago del Estero,LA BANDA,7.0,Produce,3.0,Positiva,Buena,Se mantendrá,No,Regular,100,35.0,48.0,Reforma tributaria,Reforma laboral,,,,,,
2019-01-17 10:33:24,NOELY S.A,Calzado y marroquinería,Zapatos,CABA,"andalgalá 2261, caba.",11.0,Produce,-30.0,Nula,Mala,Bajará,No,Malo,90,50.0,40.0,Reforma tributaria,,,,,,Disminuir los cargos impositivos.,"Noely, afirma estar pasando por una situación económica no muy buena, como arrastre del año pasado"
2019-01-17 10:40:07,ENLUVIL SRL,Minerales no metálicos,Envases de vidrio para medicina,CABA,"juana azurduy 2727, caba.",21.0,Produce,-15.0,Nula,Regular,Se mantendrá,No,Regular,85,30.0,43.0,Reforma tributaria,Reforma laboral,,,,,Avanzar tecnologicamente para lograr una mayor productividad con menor costo a largo plazo,"Enluvil afirma estar equilibrado económicamente, ya que su producto es fuertemente necesitado por sus clientes."
2019-01-17 10:42:38,IGNACIO DIASPRO,Textil,Medias,Buenos Aires,san miguel,3.0,Produce,-80.0,Negativa,Crítica,Aumentará,No,Regular,20,35.0,65.0,Reforma tributaria,Reforma laboral,,,,,LA BAJA DE LOS IMPUESTOS IMPOSITIVOS PARA LAS EMPRESAS PYMES. A PESAR DE QUE EXISTE UNA LEY PYMES CON SUS BENEFICIOS ESTOS NO AYUDAN EN NADA. CON  ESTO NOS TERMINAN DE DESTRUIR COMO INDUSTRIA. ,"LAS AGRUPACIONES DE EMPRESAS ES MUY IMPORTANTE PARA PRESIONAR AL GOBIERNO PARA QUE MODIFIQUEN ALGUNAS MEDIDAS MALAS QUE ESTÁN TOMANDO, Y SE OLVIDAN QUE DETRÁS DE UNA PYMES HAY FAMILIAS QUE TRABAJAN. "
2019-01-17 10:47:47,MINERALES DEL SUR,Minerales no metálicos,Mármoles,CABA,"fernández 1970, caba.",21.0,Produce,-20.0,Nula,Regular,Se mantendrá,No,Regular,75,30.0,42.0,Reformas logísticas,,,,,,Bajar los cargos impositivos para que permita generar mejoras importantes dentro del funcionamiento productivo,Minerales del sur afirma que todavía no logró reactivar su economía como supo hacerlo años anteriores
2019-01-17 11:02:16,MOTORES ELECTRO MECÁNICOS ATLAS,Electrónico mecánico e informática,Motores eléctricos,CABA,"av. la plata 2109, caba.",22.0,Produce,-25.0,Nula,Regular,Se mantendrá,No,Malo,80,30.0,42.0,Reforma tributaria,Reforma laboral,Reforma de acceso al financiamiento,,,,Facilitar el acceso a nuevas mejoras tecnológicas.,Motores atlas afirma estar equilibrado economicamente. 
2019-01-17 11:07:34,NOVOCART,"Papel, carton, edición e impresión",Cajas de cartón,CABA,"matheu 1223, caba",12.0,Produce,-40.0,Nula,Mala,Se mantendrá,Lo estoy evaluando,Regular,75,30.0,43.0,Reforma tributaria,,,,,,"Reducir los costos de producción, o lograr un subsidio consiliado",Novocart actualmente se encuentra en un buen momento en cuanto a sus ventas.
2019-01-17 11:14:00,SILLAS CAREVA,Madera y muebles,Sillas y mesas ,CABA,"av. la plata 1840, caba",10.0,Produce,-30.0,Nula,Mala,Se mantendrá,No,Malo,60,40.0,42.0,Reforma tributaria,Reforma de acceso al financiamiento,,,,,Lograr que el país mejore y de oportunidades que por ahora son inexistentes.,Sillas careva actualmente no se encuentra en un buen momento económico.
2019-01-17 11:16:15,AGUA MARINA,Químicos,Producto de limpieza,Entre Rios,"zuviria 1612, paraná",4.0,Produce,10.0,Positiva,Regular,Se mantendrá,Si,Regular,90,40.0,50.0,Reforma tributaria,Reforma laboral,Reforma de acceso al financiamiento,,,,"Bajar impuesto, ayuda paliativa para tener personal en blanco","Si bien la rentabilidad actual de la empresa es positiva, pero es más chica, se ha acortado la rentabilidad"
2019-01-17 11:39:21,INDUSTRIAS PLÁSTICAS ARGENTINA SRL,Productos de caucho y plásticos,Polietileno,Jujuy,las heras 433,30.0,Produce,-40.0,Positiva,Regular,Se mantendrá,No,Muy Malo,40,60.0,50.0,Reforma tributaria,Reforma laboral,Reforma de acceso al financiamiento,Reformas logísticas,,,Reformas a financiamiento tasa 0,
2019-01-17 11:45:38,SUMAR SRL,Minerales no metálicos,Marmol,Jujuy,las heras 1084,5.0,Produce,20.0,Positiva,Buena,Se mantendrá,Lo estoy evaluando,Muy Bueno,70,50.0,50.0,Reforma tributaria,,,,,,Conseguir capital para invertir en épocas de crisis ,
2019-01-17 11:57:25,KEQUIMICA SRL,Químicos,desinfectantes,Misiones,"4936 morcillo, posadas",15.0,Produce e Importa,-1.0,Positiva,Regular,Se mantendrá,Lo estoy evaluando,NS/NC,80,22.0,,Reforma tributaria,,,,,,medidas tributarias,
2019-01-17 11:59:17,PYP LIMPIEZA,Químicos,Productos de limpieza,Jujuy,salta 878,4.0,Produce,15.0,Positiva,Buena,Aumentará,Si,Bueno,50,40.0,50.0,Otras,,,,,Importaciones,La tributaria laboral y el finaciamiento,
2019-01-17 12:04:31,BOLSAPLAST SRL,Productos de caucho y plásticos,"BOLSAS PLASTICAS, DESCARTABLES, LAMINADOS",Misiones,"av. república oriental del uruguay 3602, posadas",22.0,Produce e Importa,4.0,Positiva,Buena,Bajará,Si,Malo,90,35.0,46.0,Reforma tributaria,Reforma laboral,Reforma de acceso al financiamiento,Reforma de barreras tecnológicas,Reformas logísticas,,reforma tributaria ya que algunos costos parecen ser descabellados,
2019-01-17 12:05:17,GRÁFICA OLMEDO,"Papel, carton, edición e impresión",Calcomanias ,Jujuy,av almirante brown 636,2.0,Produce,-30.0,Nula,Buena,Se mantendrá,Lo estoy evaluando,Regular,50,30.0,50.0,Reforma tributaria,Reforma laboral,Reforma de acceso al financiamiento,Reforma de barreras tecnológicas,,,Créditos  taza muy baja para acceder a finaciamiento,
2019-01-17 12:14:15,COMERCIAL CASTELLI SRL - LA BELLA,Madera y muebles,sillones y colchones ,Chaco,av. castelli 2310,50.0,Produce,-48.0,Nula,Buena,Se mantendrá,Si,Regular,50,45.0,60.0,Reforma tributaria,Reforma laboral,Reforma de acceso al financiamiento,Reforma de barreras tecnológicas,Reformas logísticas,,Bajar los impuestos y dar financiamiento a tasas accesibles,sin comentarios
2019-01-17 12:15:06,NORDESTE ALIMENTOS,Alimentos,FABRICA HELADOS -HIELO -PASTAS-PASTELERIA,Chaco,parque industrial barranqueras,50.0,Produce,10.0,Positiva,Mala,Bajará,No,Malo,70,50.0,45.0,Reforma de barreras tecnológicas,,,,,,NO PAGAR TANTOS IMPUESTOS ,
2019-01-17 12:15:57,VALMITRAN S.A,Alimentos,elaboración de té ,Misiones,ruta 14 / km 962 / dos de mayo. ,13.0,Produce e Importa,2.0,Positiva,Buena,Aumentará,No,Malo,60,25.0,43.0,Reforma tributaria,Reforma laboral,Reforma de acceso al financiamiento,Reforma de barreras tecnológicas,Reformas logísticas,,mermar la suba de los impuestos es un tema a tratar urgentemente.,
2019-01-17 12:20:37,PERCIA REVESTIMIENTOS,Otro,PISOS Y REVESTIMIENTOS RUSTICOS,Chaco,paso de la patria 840 ,8.0,Produce,20.0,Positiva,Regular,Se mantendrá,Lo estoy evaluando,Regular,50,50.0,45.0,Reforma tributaria,Reforma laboral,Reforma de acceso al financiamiento,Reforma de barreras tecnológicas,Reformas logísticas,,"MAYOR ACCESO AL CRÉDITO , NO PAGAR TANTOS IMPUESTOS",
2019-01-17 12:24:06,DEMENIK,Textil,UNIFORMES E INDUMENTARIA ,Chaco,vedia 219,8.0,Produce,50.0,Negativa,Mala,Bajará,No,Malo,50,50.0,43.0,Reforma tributaria,Reforma laboral,,,,,MEJORAR IMPUESTOS Y PRECIOS ,
2019-01-17 12:25:38,BODEGAS CHALALA,Alimentos,Vino,Jujuy,ruta 50 km 5 purmamarca,4.0,Produce,-10.0,Positiva,Buena,Aumentará,Si,Bueno,50,35.0,50.0,Reforma tributaria,Reforma laboral,Reforma de acceso al financiamiento,,,,Prestamos accesibles para invertir ,
2019-01-17 12:28:34,GRANJA DE MI CIUDAD,Alimentos,POLLOS Y DERIVADOS,Mendoza,GODOY CRUZ,6.0,Produce,20.0,Negativa,Mala,Se mantendrá,No,Malo,60,50.0,50.0,Reforma laboral,,,,,,Reducir a la mitad los aportes patronales,
2019-01-17 13:11:50,LA ELCHA MINERA INDUSTRIAL S.A.,Minerales no metálicos,BENTONITA SODICA NATURAL,Mendoza,LUJAN DE CUYO,26.0,Produce,-30.0,Negativa,Mala,Se mantendrá,Lo estoy evaluando,Malo,60,35.0,50.0,Reforma tributaria,,,,,,"Cualquier problema con AFIP, los bancos te traban los creditos. No debe haber relación entre los bancos y AFIP. Como es en Chile por eso hay Inversión","Cualquier problema con AFIP, los bancos te traban los creditos. No debe haber relación entre los bancos y AFIP. Como es en Chile por eso hay Inversión"
2019-01-17 14:13:39,COOPERATIVA IDI LTA ,Textil,uniformes,Misiones,el porvenir 2 lote 112,14.0,Produce e Importa,-4.0,Negativa,Crítica,Aumentará,Lo estoy evaluando,Muy Malo,60,30.0,45.0,Reforma tributaria,Reformas logísticas,,,,,los créditos a menor tasa son los más necesitados ahora.,
2019-01-17 14:45:43,COLONIA ALGARROBAL SA,Alimentos,VINO,Mendoza,SAN RAFAEL,7.0,Produce,35.0,Nula,Mala,Se mantendrá,No,Malo,80,25.0,45.0,Reforma tributaria,,,,,,"Que baje urgente la tasa de interes, sino no hay posibilidad de crecer",
2019-01-17 15:13:08,BIOSANO S.A.,Químicos,FLOCULANTES Y COAGULANTES PARA EL TRATAMIENTO DE EFLUENTES,Mendoza,MENDOZA,6.0,Produce e Importa,75.0,Positiva,Buena,Aumentará,Si,Regular,35,40.0,48.0,Reforma laboral,,,,,,"La reforma tributaria es muy importante, porque existe una gran presion fiscal y no se ven reflejado en mejores rutas y seguridad",
2019-01-17 15:37:46,EL CHANGUITO,Alimentos,Chacinados,Chubut,"rawson 1302, comodoro rivadavia",4.0,Produce,0.0,Nula,Buena,Se mantendrá,Lo estoy evaluando,Regular,70,30.0,40.0,Reforma tributaria,,,,,,Disminución de los impuestos en las pymes ,"El encargado de la empresa explicaba que en los meses de diciembre 2018 y diciembre 2019 su producción fue muy buena, sin embargo, tuvieron que pagar costos elevados de aguinaldo a sus empleados y por ello su rentabilidad fue nula."
2019-01-17 16:20:05,MC IMPRESIONES SRL,"Papel, carton, edición e impresión",Teclado de Membrana,CABA,"gobernador udaondo 1469, lanus",11.0,Produce,-30.0,Nula,Regular,Bajará,No,Malo,80,30.0,42.0,Reforma tributaria,Reforma laboral,Reforma de acceso al financiamiento,Otras,,La presión impositiva es terrible,"Bajar el nivel de las tasas de interés, para que sean una opción más.","MC impresiones afirma estar en un mal momento económico y que espera revertirlo en los próximos meses 
"
2019-01-17 18:07:57,"EL MUNDO DE LASPLACAS
",Madera y muebles,Juguetes,Jujuy,iriarte 269 jujuy,13.0,Produce,40.0,Positiva,Buena,Se mantendrá,Si,Malo,60,25.0,60.0,Reforma tributaria,,,,,,"Teniendo una buena reforma tributaria y laboral, se reactivará el sector ",Sin comentarios 
2019-01-18 00:10:55,NORDESTE ALIMENTOS SRL,Alimentos,Fabrica de helados - hielo-pasteleria - pastas,Chaco,parque industrial barranqueras,50.0,Produce,50.0,Negativa,Regular,Bajará,No,Malo,50,50.0,45.0,Reforma de acceso al financiamiento,,,,,,Que los impuestos no sean tal altos y bajar precios en la materia prima,
